episode,reward,length,goal_reached,goal_distance
0,-2949.790223,1000,0.0,0.42655546012902457
1,-6455.114996,1000,0.0,2.244179691158145
2,-5303.294001,1000,0.0,1.221503722294055
3,-4362.8208,1000,0.0,1.5620498223064345
4,-4262.380047,1000,0.0,1.5620498223064345
5,-4250.459815,1000,0.0,1.5620498223064345
6,-4219.327747,1000,0.0,1.5620498223064345
7,-4197.289807,1000,0.0,1.5620498223064345
8,-4182.058373,1000,0.0,1.5620498223064345
9,-4324.444163,1000,0.0,1.7677629209428232
10,-6780.074979,1000,0.0,1.9483217932389725
11,-5855.405649,1000,0.0,1.7720685392873972
12,-4549.361371,1000,0.0,1.5620498223064345
13,-4309.907118,1000,0.0,1.5620498223064345
14,-4217.090053,1000,0.0,1.5620498223064345
15,-4154.176935,1000,0.0,1.5810700240779798
16,-4162.862067,1000,0.0,1.5620498223064345
17,-4385.37674,1000,0.0,1.5620498223064345
18,-2252.543101,1000,0.0,0.8701764071819659
19,-2996.941448,1000,0.0,1.5274329884104632
20,-2955.137945,1000,0.0,0.9978786177694204
21,-1779.233194,1000,0.0,0.41452957843911864
22,-1778.883457,1000,0.0,0.20418500604375278
23,-1110.592501,1000,0.0,0.25903737331637405
24,-1167.385476,511,1.0,0.3545004460756061
25,-1393.186123,438,1.0,0.3551113484417733
26,150.492228,1000,0.0,0.31473500195375836
27,6.511131,747,1.0,0.21792329302705873
28,-457.759959,729,1.0,0.24591397277698063
29,-1198.256382,1000,0.0,0.24242499744150459
30,-2303.645773,1000,0.0,1.243433500391031
31,-958.946516,754,1.0,0.197498045819956
32,-1137.351963,1000,0.0,0.7344121286139464
33,-6271.602937,1000,0.0,2.298879844170186
34,-482.521589,1000,0.0,0.7240490388845547
35,-529.797278,1000,0.0,0.40840994266610525
36,-813.009676,1000,0.0,0.777102675217973
37,-5345.614191,1000,0.0,2.035326831810368
38,-923.413448,1000,0.0,0.8990167106611586
39,-1218.717854,1000,0.0,0.8490514687036291
40,-965.041351,1000,0.0,0.8926506109912006
41,-715.049205,1000,0.0,0.7738839022736146
42,-536.296539,1000,0.0,2.723049264068758
43,-523.403989,1000,0.0,0.22290447023044474
44,-1443.361679,1000,0.0,0.4693161268554601
45,-3958.107492,1000,0.0,0.9858439007246684
46,-3708.372354,1000,0.0,1.3488015892254517
47,-6963.002636,1000,0.0,2.609373579149776
48,-6333.721319,1000,0.0,2.1596718541249538
49,-4728.421608,1000,0.0,1.8606448865073713
50,-4724.155276,1000,0.0,2.055821052033678
51,-4701.400164,1000,0.0,1.5620498223064345
52,-4335.835857,1000,0.0,1.5996137100521088
53,-4535.778716,1000,0.0,1.5698695878593862
54,-4266.899553,1000,0.0,1.5620498223064345
55,-6010.167036,1000,0.0,2.0813550807601344
56,-6649.006283,1000,0.0,3.091964458181702
57,-2504.294188,1000,0.0,1.3064316351981753
58,2340.123669,1000,0.0,0.38011089785024893
59,1531.382177,1000,0.0,0.4095017523626466
60,5597.028928,1000,0.0,0.38306705752639314
61,4246.89436,1000,0.0,0.401671188934191
62,4009.516487,1000,0.0,0.31731060375823794
63,-1911.074271,1000,0.0,1.0861504565572173
64,-904.530551,1000,0.0,0.9009669147444125
65,-1519.634774,1000,0.0,1.0098824661468397
66,-841.274959,1000,0.0,0.8302595605698052
67,-1222.9163,1000,0.0,0.8930315994989596
68,-1312.709061,1000,0.0,0.9019002797157448
69,-5717.82891,1000,0.0,2.2756665005552046
70,-6500.362035,1000,0.0,2.080471820697248
71,-1093.209947,1000,0.0,0.9511348949889268
72,-999.463793,1000,0.0,0.966832319683908
73,-1099.313554,1000,0.0,1.0126280993762264
74,-1170.898213,1000,0.0,0.9820272414652467
75,-450.412155,1000,0.0,0.8459034351946947
76,-589.858284,1000,0.0,0.8590136017701582
77,-738.219449,1000,0.0,0.8841646301092964
78,-948.027079,1000,0.0,1.012229609715417
79,-1395.174928,1000,0.0,0.9378053842442495
80,-1120.192851,1000,0.0,0.93262318073066
81,-905.357623,1000,0.0,0.8886913728432781
82,-2334.798257,1000,0.0,1.1279588100963198
83,-951.544662,1000,0.0,0.9205126935658405
84,-1525.593039,1000,0.0,0.7306275655904908
85,-1627.177717,1000,0.0,1.0092456242389638
86,-1798.595693,1000,0.0,0.9886437925653914
87,-1751.99832,1000,0.0,0.9473565765493115
88,-1772.766767,1000,0.0,0.9252557168915144
89,-936.384759,1000,0.0,0.7826321386731295
90,-894.813382,1000,0.0,0.7756223737197059
91,-804.541016,1000,0.0,0.652403409537827
92,-1261.638829,1000,0.0,0.7659446961202447
93,-1078.694994,1000,0.0,0.779255329837443
94,-988.12796,1000,0.0,0.7766915473572752
95,-1219.816062,1000,0.0,1.1274490133084818
96,-2360.803906,1000,0.0,1.1824730659247307
97,-2836.631174,1000,0.0,0.7505057940042984
98,-1563.62565,1000,0.0,0.7382785754651657
99,-1628.606078,1000,0.0,0.7222479389099504
100,-1717.419093,1000,0.0,0.6160963375510203
101,-1794.956118,1000,0.0,0.7464026719215571
102,-1931.296449,1000,0.0,0.6912650592543531
103,6582.655823,1000,0.0,0.16921172246064986
104,7014.127747,1000,0.0,0.1792891841318084
105,6477.065508,1000,0.0,0.2005514312540885
106,5691.585787,1000,0.0,0.20476490718908752
107,-1169.435074,1000,0.0,0.9483269987476733
108,-1621.470571,1000,0.0,1.0235920166183687
109,-1543.74931,1000,0.0,0.940439477048573
110,-875.212,1000,0.0,0.7436723226411692
111,-536.40577,1000,0.0,0.742949039675299
112,-996.970677,1000,0.0,0.8767603873487236
113,-1267.344303,1000,0.0,0.9211668593891871
114,-1360.567565,1000,0.0,0.9602858933190392
115,-1381.657276,1000,0.0,0.9391026644803462
116,-1206.850451,1000,0.0,0.8742909280446455
117,-1174.304527,1000,0.0,0.8893367935520645
118,-1374.405689,1000,0.0,0.9426447385055554
119,-1485.941947,1000,0.0,0.9473989404748457
120,-1541.070424,1000,0.0,0.9498692045240784
121,-1501.291963,1000,0.0,0.9397739618229684
122,-1563.133408,1000,0.0,0.96526156055173
123,-1518.695993,1000,0.0,0.9187579430853821
124,7533.374506,1000,0.0,0.295482159800862
125,-1833.934144,1000,0.0,1.4655787269706166
126,2956.319411,1000,0.0,0.1814030592615339
127,-1238.56023,1000,0.0,0.8983338937832531
128,-1265.12254,1000,0.0,0.9726049567341641
129,-1149.057991,1000,0.0,0.9803052465427793
130,10968.802522,1000,0.0,0.2337337148167141
131,10649.189286,1000,0.0,0.23159741180298887
132,-1077.303254,1000,0.0,0.9554502450505015
133,-974.217586,1000,0.0,0.8826058101746903
134,-1073.374206,1000,0.0,0.878892712224757
135,-1358.374622,1000,0.0,0.8680382436839601
136,-666.813985,1000,0.0,0.7693276742635956
137,-712.119718,1000,0.0,0.8445122201764477
138,-687.172498,1000,0.0,0.8191483231712502
139,-768.838685,1000,0.0,0.8586921717435154
140,-857.244833,1000,0.0,0.8745954874685834
141,-831.270718,1000,0.0,0.8643414490098504
142,12011.335301,1000,0.0,0.2477642804826286
143,-1385.307495,1000,0.0,0.4012902620366474
144,7390.058596,1000,0.0,0.24151694380900074
145,7809.447376,1000,0.0,0.23744107393891864
146,9833.986942,1000,0.0,0.2341795825963948
147,11994.918787,1000,0.0,0.2235379282769795
148,11975.278415,1000,0.0,0.22133482586128816
149,11799.702906,1000,0.0,0.23814190862480447
150,11631.352415,1000,0.0,0.25587972575261453
151,11057.397847,1000,0.0,0.2511673704770876
152,12294.291374,1000,0.0,0.22317315438365123
153,13418.599503,1000,0.0,0.2085744210968422
154,12830.764931,1000,0.0,0.19071014411401294
155,13249.613202,1000,0.0,0.19550294936096982
156,12556.170823,1000,0.0,0.1825907094387109
157,12942.013522,1000,0.0,0.20006593259508096
158,12667.052082,1000,0.0,0.19713307424680318
159,13143.956178,1000,0.0,0.19837344282269592
160,-4164.468852,1000,0.0,1.5620498223064345
161,-4145.242699,1000,0.0,1.5620498223064345
162,9024.607295,1000,0.0,0.23226297807699234
163,-4067.336746,1000,0.0,1.5620498223064345
164,-4166.018415,1000,0.0,1.6133514059697824
165,-4580.450393,1000,0.0,1.645937847210272
166,12606.693838,1000,0.0,0.18973471321851146
167,12146.221596,1000,0.0,0.20604067157697734
168,11650.999914,1000,0.0,0.20869180719115213
169,-517.313483,1000,0.0,0.7390886458039937
170,-394.397454,1000,0.0,0.6795460988052384
171,-4421.811164,1000,0.0,1.611516342938734
172,-920.681529,1000,0.0,0.8869915945099239
173,-718.647261,1000,0.0,0.7887862193044067
174,-5615.606734,1000,0.0,1.6281857582885764
175,-4428.164553,1000,0.0,1.5836607315798923
176,-4087.21669,1000,0.0,1.5702332334739293
177,-4028.932633,1000,0.0,1.5620498223064345
178,-4016.889968,1000,0.0,1.5620498223064345
179,-4011.797093,1000,0.0,1.5620498223064345
180,-4031.793526,1000,0.0,1.5620498223064345
181,-4042.833475,1000,0.0,1.5666609921567618
182,13597.362951,1000,0.0,0.23270231766273447
183,13433.52967,1000,0.0,0.2673853060308764
184,13584.678681,1000,0.0,0.27490637284940056
185,13472.911543,1000,0.0,0.3437585752715321
186,12818.039361,1000,0.0,0.3305041304312481
187,12562.696964,1000,0.0,0.41371207690353856
188,10361.215991,1000,0.0,0.5030140220601793
189,12019.902843,1000,0.0,0.3417302304205956
190,12034.891775,1000,0.0,0.3269343922140617
191,12680.324228,1000,0.0,0.29626839659087584
192,12474.414423,1000,0.0,0.2909020440994767
193,12400.459929,1000,0.0,0.30591859984905007
194,13338.474795,1000,0.0,0.29775953993938997
195,13192.086553,1000,0.0,0.34859636032344704
196,13365.876602,1000,0.0,0.3068688680658258
197,13819.786553,1000,0.0,0.29069727186021443
198,13764.101721,1000,0.0,0.2923484724725762
199,13830.988591,1000,0.0,0.2785652689696056
200,13618.568346,1000,0.0,0.31676637581557066
201,14677.72882,1000,0.0,0.3059920400141001
202,14160.856963,1000,0.0,0.32022827238078794
203,14698.93224,1000,0.0,0.277915283480703
204,14547.001441,1000,0.0,0.2790262841723005
205,14267.15614,1000,0.0,0.30310224152513227
206,14693.344443,1000,0.0,0.29076706141678427
207,14479.245105,1000,0.0,0.2817096138951867
208,13879.316329,1000,0.0,0.2887708276606982
209,10002.502447,1000,0.0,0.32120598264990335
210,15593.725132,1000,0.0,0.2946849798708402
211,9620.441422,1000,0.0,0.31548947739717925
212,9599.946083,1000,0.0,0.2809355637312606
213,15769.103984,1000,0.0,0.3180534781081421
214,15212.647775,1000,0.0,0.33840932287711856
215,14931.175147,1000,0.0,0.38982810966221404
216,15235.015252,1000,0.0,0.3674455042853629
217,14319.127138,1000,0.0,0.39222030557763604
218,13961.121114,1000,0.0,0.3830502380014841
219,12711.93807,1000,0.0,0.36084652899695485
220,13350.012878,1000,0.0,0.3686468751413524
221,11296.342498,1000,0.0,0.34805454919142065
222,12574.116916,1000,0.0,0.3673294293185443
223,-243.91408,1000,0.0,0.7955467961981522
224,-319.84281,1000,0.0,0.8002721418371351
225,-474.992285,1000,0.0,0.8333251570823083
226,-588.853706,1000,0.0,0.8581194047045364
227,-557.03636,1000,0.0,0.8457117635271799
228,-532.058207,1000,0.0,0.8435261129765783
229,-659.353927,1000,0.0,0.8389591170883215
230,-600.553011,1000,0.0,0.8683016423335314
231,9294.444101,1000,0.0,0.4341751267023993
232,9819.56664,1000,0.0,0.294717835612372
233,-28.762944,1000,0.0,0.6845597655448603
234,3307.774433,1000,0.0,0.1875404404933329
235,13887.954984,1000,0.0,0.48265194148644497
236,13164.175501,1000,0.0,0.39080472458011617
237,14901.27742,1000,0.0,0.32765481051670764
238,14307.725542,1000,0.0,0.4146123032704223
239,15039.289166,1000,0.0,0.4141701366833248
240,14629.292176,1000,0.0,0.3447672509979132
241,15741.661036,1000,0.0,0.3786967390926934
242,15667.800024,1000,0.0,0.3761983522106117
243,16034.256075,1000,0.0,0.32965684452819294
244,15833.108335,1000,0.0,0.3436345341726032
245,15756.745487,1000,0.0,0.40932661482861665
246,14367.559668,1000,0.0,0.31513024931078304
247,13866.29383,1000,0.0,0.3695423325159861
248,13279.017183,1000,0.0,0.320908501052857
249,12565.268883,1000,0.0,0.3435966091879814
250,13162.662386,1000,0.0,0.3468643259352667
251,16519.418418,1000,0.0,0.39292755409853647
252,16032.000024,1000,0.0,0.36532933286922187
253,16198.35142,1000,0.0,0.38236163899037723
254,-665.534429,1000,0.0,0.691999176732993
255,1081.601626,1000,0.0,0.20121542064984207
256,17034.673538,1000,0.0,0.3105147975370642
257,16591.090893,1000,0.0,0.3847606302517283
258,17196.033193,1000,0.0,0.26389108388005217
259,17476.813702,1000,0.0,0.2347361782102485
260,-1020.391956,1000,0.0,0.789737955023583
261,-1145.059933,1000,0.0,0.9780183095856059
262,-1548.639046,1000,0.0,1.13993863600632
263,-1748.622574,1000,0.0,1.2497933402848904
264,-1946.841187,1000,0.0,1.1178082254867052
265,-1523.655966,1000,0.0,0.8950063348333341
266,16272.368768,1000,0.0,0.34900543408758233
267,16533.410903,1000,0.0,0.3636718612012088
268,16988.289045,1000,0.0,0.3495785897847071
269,40.801144,1000,0.0,0.6791108076954415
270,17511.746369,1000,0.0,0.3426414152070896
271,16730.814708,1000,0.0,0.36421913890346913
272,17327.265746,1000,0.0,0.36774930035257514
273,17126.15891,1000,0.0,0.3746597985322862
274,17010.563027,1000,0.0,0.37060876700389817
275,16743.494398,1000,0.0,0.41464478430406787
276,16725.923561,1000,0.0,0.39075626532325924
277,16461.108556,1000,0.0,0.4364920927040759
278,16782.77475,1000,0.0,0.3476776293828164
279,16086.525146,1000,0.0,0.38651014122983063
280,16320.754549,1000,0.0,0.38438709223609646
281,16149.822421,1000,0.0,0.3952945125195046
282,15446.773652,1000,0.0,0.4369740409546565
283,16205.834176,1000,0.0,0.34382967578356066
284,16680.07361,1000,0.0,0.35453116517175814
285,16669.575853,1000,0.0,0.33139858090652435
286,16914.040419,1000,0.0,0.3117101525101854
287,16529.488404,1000,0.0,0.3404409843890665
288,17679.046763,1000,0.0,0.3335486444020576
289,17418.770417,1000,0.0,0.379826417500942
290,17431.47957,1000,0.0,0.3396555969989109
291,17826.5331,1000,0.0,0.30147465906088483
292,17567.038447,1000,0.0,0.28448053369632254
293,17492.310009,1000,0.0,0.3313030057737733
294,17583.480146,1000,0.0,0.3591994185249639
295,17986.644656,1000,0.0,0.2871921206506428
296,17877.533454,1000,0.0,0.2704516852895317
297,17711.487626,1000,0.0,0.27534281061845567
298,17958.422846,1000,0.0,0.2799267005974342
299,17944.930853,1000,0.0,0.2729210101375347
300,17740.029551,1000,0.0,0.2350246765953396
301,17936.700127,1000,0.0,0.2275157151131567
302,17797.493741,1000,0.0,0.2442759732030984
303,17575.881311,1000,0.0,0.19772767838465655
304,17622.584009,1000,0.0,0.21287083538845242
305,17521.808857,1000,0.0,0.2113977702091872
306,14043.115926,1000,0.0,0.20349448064166387
307,14438.036741,1000,0.0,0.2568492225264638
308,-7352.364638,1000,0.0,0.68668910880306
309,8273.894559,1000,0.0,0.20026223154172265
310,15271.785812,1000,0.0,0.24029872935049879
311,15562.207327,1000,0.0,0.24450261389168632
312,18083.095061,1000,0.0,0.2376235018381802
313,18020.269541,1000,0.0,0.2723407812437425
314,18004.195143,1000,0.0,0.2666998998743142
315,18015.526842,1000,0.0,0.24802541924961605
316,18209.036999,1000,0.0,0.27368626978008526
317,18181.721783,1000,0.0,0.25279025926956167
318,18153.481469,1000,0.0,0.2501797197859693
319,18182.737718,1000,0.0,0.2859789243356261
320,18247.261598,1000,0.0,0.27123724075259603
321,18212.166687,1000,0.0,0.27764164398301017
322,18430.666213,1000,0.0,0.27108245144687354
323,18210.441037,1000,0.0,0.2865384803095302
324,18209.090815,1000,0.0,0.2783926105790437
325,18427.981694,1000,0.0,0.2562554474172471
326,18210.844746,1000,0.0,0.2563128748355081
327,18245.00803,1000,0.0,0.29747577704789524
328,18386.206934,1000,0.0,0.2922321897133873
329,18634.30644,1000,0.0,0.25938330235219437
330,18482.539098,1000,0.0,0.287728701663639
331,18856.531479,1000,0.0,0.235825913354563
332,18871.026179,1000,0.0,0.20772168095484672
333,18874.801032,1000,0.0,0.2460560949185696
334,18840.110454,1000,0.0,0.21778442963889702
335,18948.537886,1000,0.0,0.27263945309906645
336,18907.495125,1000,0.0,0.20518782123395637
337,19190.656644,1000,0.0,0.2110931349443303
338,19027.148166,1000,0.0,0.1971147157306792
339,19111.631614,1000,0.0,0.20333243772836854
340,5841.920529,506,1.0,0.1813614295224725
341,19127.543837,1000,0.0,0.20936137750032496
342,19046.043938,1000,0.0,0.2140492615189533
343,18960.640381,1000,0.0,0.22518025363516192
344,19056.376907,1000,0.0,0.20145564219998885
345,18806.976301,1000,0.0,0.20557248082995722
346,18668.826587,1000,0.0,0.2798118423753372
347,18537.047294,1000,0.0,0.2860628067244532
348,18687.027286,1000,0.0,0.1997642453486005
349,18792.317807,1000,0.0,0.20844858359934448
350,18551.609244,1000,0.0,0.3025011164849888
351,18624.749166,1000,0.0,0.247574602990095
352,18899.555265,1000,0.0,0.2516727147692329
353,18520.716301,1000,0.0,0.20373557675581835
354,18728.169583,1000,0.0,0.2174589792433527
355,18385.881098,1000,0.0,0.24520987203065728
356,18679.954643,1000,0.0,0.2705577080090553
357,18571.638221,1000,0.0,0.26570292176813337
358,18687.603136,1000,0.0,0.284007723651615
359,18444.429167,1000,0.0,0.2685795140630424
360,18731.306341,1000,0.0,0.2763271984390844
361,19033.364937,1000,0.0,0.19896645103961588
362,19081.039032,1000,0.0,0.21148975744016812
363,18724.803825,1000,0.0,0.26476950891030576
364,18792.620504,1000,0.0,0.2738629342930122
365,18744.989556,1000,0.0,0.2937328375828837
366,18827.564421,1000,0.0,0.18921622202571967
367,18953.443371,1000,0.0,0.19884324441241025
368,18838.551394,1000,0.0,0.3028103936797657
369,18844.759599,1000,0.0,0.3279319474173243
370,19187.235538,1000,0.0,0.24769868022776964
371,19080.53964,1000,0.0,0.2756250781269925
372,18914.706498,1000,0.0,0.3079178404558785
373,19018.492063,1000,0.0,0.2988516452790294
374,19017.175869,1000,0.0,0.3039909620845608
375,18872.618581,1000,0.0,0.2872132360131048
376,18723.654353,1000,0.0,0.35469784953026245
377,18702.723712,1000,0.0,0.2740496053594221
378,18797.37594,1000,0.0,0.32536959918010927
379,-6856.847044,1000,0.0,1.9064918698295499
380,-4197.323443,1000,0.0,1.5896027721973625
381,18791.481012,1000,0.0,0.2820219903107536
382,18843.775227,1000,0.0,0.2973306479167135
383,18555.054162,1000,0.0,0.28325056434414675
384,18703.374008,1000,0.0,0.29402856097470914
385,18736.711995,1000,0.0,0.31223348441474497
386,18718.034409,1000,0.0,0.30305731320409646
387,18586.832166,1000,0.0,0.33677124190276786
388,18774.220265,1000,0.0,0.3160668638682378
389,19054.721251,1000,0.0,0.2928301211771263
390,18754.538411,1000,0.0,0.35623737898800495
391,19031.229435,1000,0.0,0.3103771054795397
392,19215.587457,1000,0.0,0.32358369915980856
393,19215.609223,1000,0.0,0.33953603627179846
394,19234.15975,1000,0.0,0.3040675594732773
395,18901.704833,1000,0.0,0.3089826776813911
396,18906.139496,1000,0.0,0.3165782177420874
397,19015.988315,1000,0.0,0.39807760551413374
398,18773.598223,1000,0.0,0.2651914254230364
399,18709.434706,1000,0.0,0.24818275953511096
400,18970.706299,1000,0.0,0.2762370542134966
401,19401.126751,1000,0.0,0.30460859445439775
402,19334.793923,1000,0.0,0.3177553548416277
403,19351.834981,1000,0.0,0.3179883056509063
404,19196.155271,1000,0.0,0.31730126879363824
405,4013.83897,434,1.0,0.17442929530424336
406,18731.778997,1000,0.0,0.3192285879291925
407,19043.512439,1000,0.0,0.30708449976690433
408,18695.468801,1000,0.0,0.34512176288023666
409,19012.341912,1000,0.0,0.3318233011842131
410,19139.07165,1000,0.0,0.33801797839019415
411,19277.265968,1000,0.0,0.3877319768965338
412,18784.945927,1000,0.0,0.30155645842029555
413,18804.840085,1000,0.0,0.30855182606381
414,19358.962911,1000,0.0,0.30265606286290087
415,18938.652847,1000,0.0,0.39494908554842
416,18942.287467,1000,0.0,0.32679925480559
417,19214.970058,1000,0.0,0.35441176301653354
418,19087.341497,1000,0.0,0.31669684071742893
419,18913.197654,1000,0.0,0.44381113282841267
420,18778.614641,1000,0.0,0.4179214387708322
421,19139.093884,1000,0.0,0.32320678599686364
422,19037.79704,1000,0.0,0.3418908620140648
423,19064.933663,1000,0.0,0.4158275825267872
424,18996.791242,1000,0.0,0.3222947021742251
425,18878.500505,1000,0.0,0.3684080056402642
426,18718.485962,1000,0.0,0.3782074268260036
427,18977.566086,1000,0.0,0.4112475228582629
428,19016.629183,1000,0.0,0.34621445789118643
429,19109.826943,1000,0.0,0.3110650605590188
430,18915.179774,1000,0.0,0.32521258279368087
431,18916.074974,1000,0.0,0.30524573719590603
432,18702.952557,1000,0.0,0.41857928214975143
433,19000.09823,1000,0.0,0.31008798310558305
434,19026.47264,1000,0.0,0.31958385769480985
435,19017.028268,1000,0.0,0.43629268346932143
436,19034.039343,1000,0.0,0.31597633738552994
437,19068.146029,1000,0.0,0.3307729097527073
438,19027.668528,1000,0.0,0.3250067528916955
439,19207.653215,1000,0.0,0.28363057632021144
440,18956.629221,1000,0.0,0.3002007976854916
441,19182.348107,1000,0.0,0.3348188045254205
442,19242.509856,1000,0.0,0.3356606851186071
443,-4261.253545,1000,0.0,1.5620498223064345
444,-4237.075567,1000,0.0,1.5620498223064345
445,-4987.557343,1000,0.0,1.8744278804795804
446,-5778.369206,1000,0.0,1.8974218440438153
447,-5717.073921,1000,0.0,1.8550814684335204
448,-5230.837931,1000,0.0,1.5620498223064345
449,-4266.86127,1000,0.0,1.6398809771016836
450,-4531.932709,1000,0.0,1.5620498223064345
451,-4150.685128,1000,0.0,1.5620498223064345
452,-4142.500485,1000,0.0,1.5650110787486515
453,-4220.832945,1000,0.0,1.5620498223064345
454,-4144.684134,1000,0.0,1.5620498223064345
455,-4109.490582,1000,0.0,1.5620498223064345
456,-4126.98521,1000,0.0,1.5620498223064345
457,-4135.507151,1000,0.0,1.5646750232120161
458,-4173.258689,1000,0.0,1.5620498223064345
459,-4157.584711,1000,0.0,1.5620498223064345
460,-4191.645092,1000,0.0,1.5620498223064345
461,-4136.152522,1000,0.0,1.5620498223064345
462,-4155.905922,1000,0.0,1.5620498223064345
463,-4188.456965,1000,0.0,1.5620498223064345
464,-4159.037079,1000,0.0,1.5620498223064345
465,-4180.425145,1000,0.0,1.5620498223064345
466,-4199.11659,1000,0.0,1.5620498223064345
467,-4285.877204,1000,0.0,1.5620498223064345
468,-7180.733364,1000,0.0,2.535100825570591
469,-4318.975678,1000,0.0,1.5620498223064345
470,-4119.297851,1000,0.0,1.5630167880572934
471,-4081.157193,1000,0.0,1.6247537769629665
472,-4812.376897,1000,0.0,1.983684687681429
473,-4126.255163,1000,0.0,1.5620498223064345
474,-4025.437094,1000,0.0,1.5620498223064345
475,-4029.698684,1000,0.0,1.5620498223064345
476,-4033.583127,1000,0.0,1.5620498223064345
477,-4039.895097,1000,0.0,1.5620498223064345
478,-4048.605366,1000,0.0,1.5620498223064345
479,-4064.771947,1000,0.0,1.5620498223064345
480,-4070.476766,1000,0.0,1.5620498223064345
481,-4067.42754,1000,0.0,1.565245072053309
482,-4073.06412,1000,0.0,1.5641254809653427
483,18291.689256,1000,0.0,0.25854850650215555
484,17750.736499,1000,0.0,0.37436236397928174
485,19409.39599,1000,0.0,0.24717479852321494
486,19704.64167,1000,0.0,0.2603565423102897
487,19451.871043,1000,0.0,0.3581823650552947
488,19506.559897,1000,0.0,0.5532255823649568
489,19625.948204,1000,0.0,0.3147600696889125
490,19877.806054,1000,0.0,0.3034015566912564
491,19492.378222,1000,0.0,0.3927321275433534
492,19124.633029,1000,0.0,0.4735132264440842
493,19739.01686,1000,0.0,0.3639007945474854
494,20096.180066,1000,0.0,0.22117638608676096
495,19527.194181,1000,0.0,0.33768245131921226
496,19351.513444,1000,0.0,0.3363841144810543
497,19327.092907,1000,0.0,0.323036560595707
498,19305.311442,1000,0.0,0.3573257153967855
499,19046.605983,1000,0.0,0.3609178257007398
500,18903.561955,1000,0.0,0.3662816514158293
501,19509.925742,1000,0.0,0.3520760279960069
